stock_id,name,owners,extra
1301,台塑,,Edison
2851,中再保,,Edison
2891,中信金,,Edison
5403,中菲,,Edison
9939,宏全,,Edison
1563,巧新,,Monitor List
1568,倉佑,,Monitor List
1582,信錦,,Monitor List
1597,直得,,Monitor List
1780,立弘,,Monitor List
2303,聯電,,Monitor List
2308,台達電,,Monitor List
2330,台積電,,Monitor List
2383,台光電,,Monitor List
2402,毅嘉,,Monitor List
2454,聯發科,,Monitor List
2455,全新,,Monitor List
2481,強茂,,Monitor List
2489,瑞軒,,Monitor List
3008,大立光,,Monitor List
3037,欣興,,Monitor List
3406,玉晶光,,Monitor List
3443,創意,,Monitor List
3450,聯鈞,,Monitor List
3481,群創,,Monitor List
3595,,,Monitor List
3605,宏致,,Monitor List
3665,貿聯-KY,,Monitor List
3675,德微,,Monitor List
4573,,,Monitor List
4722,國精化,,Monitor List
4741,泓瀚,,Monitor List
4764,雙鍵,,Monitor List
4766,南寶,,Monitor List
4768,晶呈科技,,Monitor List
4919,新唐,,Monitor List
4991,環宇-KY,,Monitor List
5425,台半,,Monitor List
5483,中美晶,,Monitor List
6147,頎邦,,Monitor List
6182,合晶,,Monitor List
6239,力成,,Monitor List
6451,訊芯-KY,,Monitor List
6485,點序,,Monitor List
6488,環球晶,,Monitor List
6510,精測,,Monitor List
6531,愛普*,,Monitor List
6830,汎銓,,Monitor List
6919,康霈*,,Monitor List
7828,創新服務,,Monitor List
7856,,,Monitor List
7878,,,Monitor List
8046,南電,,Monitor List
8996,高力,,Monitor List
3306,鼎天,Leo,
6980,鐳洋科技,Leo,
2312,金寶,Leo／Ryan,
2314,台揚,Leo／Ryan,
2324,仁寶,Leo／Ryan,
2328,廣宇,Leo／Ryan,
2352,佳世達,Leo／Ryan,
2356,英業達,Leo／Ryan,
2376,技嘉,Leo／Ryan,
2377,微星,Leo／Ryan,
2392,正崴,Leo／Ryan,
3231,緯創,Leo／Ryan,
3491,昇達科,Leo／Ryan,
3515,華擎,Leo／Ryan,
3706,神達,Leo／Ryan,
4915,致伸,Leo／Ryan,
4938,和碩,Leo／Ryan,
6285,啟碁,Leo／Ryan,
6669,緯穎,Leo／Ryan,
7711,永擎,Leo／Ryan,
7717,萊德光電-KY,Leo／Ryan,
7744,崴寶,Leo／Ryan,
9105,泰金寶-DR,Leo／Ryan,
2317,鴻海,Leo／Ryan,Edison
2382,廣達,Leo／Ryan,Edison
2059,川湖,Leo／Sam,
3580,友威科,Max,
6425,易發,Max,
1503,士電,Max／Ryan,
1504,東元,Max／Ryan,
1513,中興電,Max／Ryan,
1514,亞力,Max／Ryan,
1519,華城,Max／Ryan,
2327,國巨,Max／Ryan,
2360,致茂,Max／Ryan,
2371,大同,Max／Ryan,
2375,凱美,Max／Ryan,
2423,固緯,Max／Ryan,
2428,興勤,Max／Ryan,
2464,盟立,Max／Ryan,
2467,志聖,Max／Ryan,
2472,立隆電,Max／Ryan,
2478,大毅,Max／Ryan,
2484,希華,Max／Ryan,
2492,華新科,Max／Ryan,
2493,揚博,Max／Ryan,
3026,禾伸堂,Max／Ryan,
3030,德律,Max／Ryan,
3042,晶技,Max／Ryan,
3055,蔚華科,Max／Ryan,
3090,日電貿,Max／Ryan,
3093,港建,Max／Ryan,
3117,年程,Max／Ryan,
3131,弘塑,Max／Ryan,
3152,璟德,Max／Ryan,
3167,大量,Max／Ryan,
3221,台嘉碩,Max／Ryan,
3236,千如,Max／Ryan,
3357,臺慶科,Max／Ryan,
3413,京鼎,Max／Ryan,
3455,由田,Max／Ryan,
3498,陽程,Max／Ryan,
3535,晶彩科,Max／Ryan,
3563,牧德,Max／Ryan,
3583,辛耘,Max／Ryan,
3624,光頡,Max／Ryan,
3680,家登,Max／Ryan,
4537,旭東,Max／Ryan,
4542,科嶠,Max／Ryan,
4760,勤凱,Max／Ryan,
5228,鈺鎧,Max／Ryan,
5328,華容,Max／Ryan,
5381,合正,Max／Ryan,
5443,均豪,Max／Ryan,
6125,廣運,Max／Ryan,
6127,九豪,Max／Ryan,
6155,鈞寶,Max／Ryan,
6173,信昌電,Max／Ryan,
6174,安碁,Max／Ryan,
6175,立敦,Max／Ryan,
6187,萬潤,Max／Ryan,
6192,巨路,Max／Ryan,
6204,艾華,Max／Ryan,
6207,雷科,Max／Ryan,
6208,日揚,Max／Ryan,
6224,聚鼎,Max／Ryan,
6284,佳邦,Max／Ryan,
6417,韋僑,Max／Ryan,
6432,今展科,Max／Ryan,
6438,迅得,Max／Ryan,
6449,鈺邦,Max／Ryan,
6640,均華,Max／Ryan,
6642,富致,Max／Ryan,
6654,天正國際,Max／Ryan,
6658,聯策,Max／Ryan,
6664,群翊,Max／Ryan,
6706,惠特,Max／Ryan,
6727,亞泰金屬,Max／Ryan,
6739,竹陞科技,Max／Ryan,
6788,華景電,Max／Ryan,
6792,詠業,Max／Ryan,
6829,千附精密,Max／Ryan,
6834,天二科技,Max／Ryan,
6862,三集瑞-KY,Max／Ryan,
6937,天虹,Max／Ryan,
6953,家碩,Max／Ryan,
7728,光焱科技,Max／Ryan,
7730,暉盛-創,Max／Ryan,
7734,印能科技,Max／Ryan,
7751,竑騰,Max／Ryan,
7769,鴻勁,Max／Ryan,
7795,長廣,Max／Ryan,
7853,政美應用,Max／Ryan,
7869,宏于電機,Max／Ryan,
7912,新聿科,Max／Ryan,
8027,鈦昇,Max／Ryan,
8042,金山電,Max／Ryan,
8043,蜜望實,Max／Ryan,
8064,東捷,Max／Ryan,
8121,越峰,Max／Ryan,
8182,加高,Max／Ryan,
8289,泰藝,Max／Ryan,
8383,千附,Max／Ryan,
